Stock Name,Absolute Price,Ruble Price
Система ао,1.915472443593055,7.285
Аэрофлот,9.002851951767497,34.24
АЛРОСА ао,5.121949650129404,19.48
ИНАРКТИКА,83.92845627932782,319.2
БСП ао,65.76762145723141,250.13
МКБ ао,2.5386254554414474,9.655
СевСт-ао,180.6880800600065,687.2
Россети,0.013809281089568599,0.05252
ГАЗПРОМ ао,26.77191547105626,101.82
ГМКНорНик,30.75273260159831,116.96
РусГидро,0.10280710026697111,0.391
ИнтерРАОао,0.6411639744271331,2.4385
ЛУКОЙЛ,1605.8679408709106,6107.5
ЛСР ао,132.7289621861049,504.8
ММК,5.8897162301282675,22.4
МосБиржа,40.73369814158354,154.92
+МосЭнерго,0.3451005603590782,1.3125
Мечел ао,11.111580709161634,42.26
Мечел ап,10.30700340272447,39.2
МТС-ао,44.67244587048182,169.9
М.видео,11.21412487566833,42.65
НЛМК ао,20.251158216271392,77.02
Новатэк ао,291.3306063831304,1108.0
ФосАгро ао,1405.3809486623034,5345.0
ПИК ао,143.92994037375954,547.4
Полюс,265.983791892757,1011.6
РуссНфт ао,23.92697218489609,91.0
Роснефть,100.48013648854989,382.15
Ростел -ао,10.627782590258242,40.42
Ростел -ап,11.043217931490503,42.0
РУСАЛ ао,6.435303782695954,24.475
Сбербанк,75.16487404940929,285.87
Сбербанк-п,75.33052231838164,286.5
Селигдар,10.498945047724185,39.93
Татнфт 3ао,182.13421574151124,692.7
Татнфт 3ап,173.40481490042825,659.5
ТГК-1,0.0011605896178475972,0.004414
Транснф ап,279.6563474269833,1063.6
Юнипро ао,0.2863348649379323,1.089
ВТБ ао,14.595453032786613,55.51
