Commodity Name,Absolute Price,Dollar Price
Золото,92526.93917077758,4140.7001953125
Серебро,1338.4864170349183,59.89899826049805
Платина,37824.60405941997,1692.699951171875
Нефть WTI,1972.6803902140175,88.27999877929688
Медь,147.40355931076127,6.596499919891357
Алюминий,71824.73982693804,3214.25
Цинк,2334.7788909870824,104.484375
Пшеница,15340.338769913033,686.5
Кукуруза,11217.552895114846,502.0
Соя,28993.57546097911,1297.5
Кофе,6803.15560926441,304.45001220703125
Сахар,465.46140627372677,20.82999992370605
Природный газ,71.57335197868741,3.203000068664551
